{"training_loss": 0.4963233172893524, "validation_loss": 0.5442621111869812, "training_accuracy": 0.7712, "best_epoch_validation_accuracy": 0.724, "best_epoch_validation_loss": 0.5442621111869812}