{"training_loss": 0.1359771192073822, "validation_loss": 0.23108233511447906, "training_accuracy": 0.9517, "best_epoch_validation_accuracy": 0.907, "best_epoch_validation_loss": 0.23108233511447906}