{"training_loss": 0.15932852029800415, "validation_loss": 0.23549380898475647, "training_accuracy": 0.942, "best_epoch_validation_accuracy": 0.9193333333333333, "best_epoch_validation_loss": 0.23549380898475647}