{"training_loss": 0.14666149020195007, "validation_loss": 0.27901825308799744, "training_accuracy": 0.9582, "best_epoch_validation_accuracy": 0.8856666666666667, "best_epoch_validation_loss": 0.2801830470561981}