{"training_loss": 0.011418388225138187, "validation_loss": 0.5165125727653503, "training_accuracy": 0.996, "best_epoch_validation_accuracy": 0.8936666666666667, "best_epoch_validation_loss": 0.381380170583725}