{"training_loss": 0.18626922369003296, "validation_loss": 0.2904011309146881, "training_accuracy": 0.9278, "best_epoch_validation_accuracy": 0.8813333333333333, "best_epoch_validation_loss": 0.2904011309146881}