{"training_loss": 0.16685955226421356, "validation_loss": 0.2911889851093292, "training_accuracy": 0.9472, "best_epoch_validation_accuracy": 0.882, "best_epoch_validation_loss": 0.2911889851093292}