{"training_loss": 0.22072044014930725, "validation_loss": 0.316861629486084, "training_accuracy": 0.9178, "best_epoch_validation_accuracy": 0.8673333333333333, "best_epoch_validation_loss": 0.316861629486084}