{"training_loss": 0.6706564426422119, "validation_loss": 0.6701875329017639, "training_accuracy": 0.6366, "best_epoch_validation_accuracy": 0.6534, "best_epoch_validation_loss": 0.6740669012069702}