{"training_loss": 0.694442868232727, "validation_loss": 0.6934356093406677, "training_accuracy": 0.49683333333333335, "best_epoch_validation_accuracy": 0.5, "best_epoch_validation_loss": 0.6938572525978088}