{"training_loss": 0.09967730939388275, "validation_loss": 0.19686977565288544, "training_accuracy": 0.9689333333333333, "best_epoch_validation_accuracy": 0.9373333333333334, "best_epoch_validation_loss": 0.19686977565288544}