{"training_loss": 0.12188591063022614, "validation_loss": 0.18707942962646484, "training_accuracy": 0.9545333333333333, "best_epoch_validation_accuracy": 0.934, "best_epoch_validation_loss": 0.18707942962646484}