{"training_loss": 0.2293810099363327, "validation_loss": 0.3178049325942993, "training_accuracy": 0.9528, "best_epoch_validation_accuracy": 0.8836666666666667, "best_epoch_validation_loss": 0.32848653197288513}